title,content,category,label
Apa Itu Autentikasi Multifaktor dan Mengapa Penting,Artikel ini menjelaskan konsep autentikasi multifaktor dan cara kerjanya tanpa membahas insiden atau kerugian tertentu.,cybersecurity,Neutral
Panduan Dasar Menjaga Keamanan Akun Digital,Artikel edukasi ini berisi langkah umum untuk menjaga keamanan akun dan tidak melaporkan serangan atau kebocoran data.,cybersecurity,Neutral
Waspada Peretasan Wi-Fi Hotel Jangan Lakukan Aktivitas Sensitif Ini,Artikel ini memberikan tips pencegahan saat menggunakan Wi-Fi publik tanpa melaporkan korban atau kejadian peretasan tertentu.,cybersecurity,Neutral
Mengenal Perbedaan Malware Ransomware dan Spyware,Artikel informatif yang menjelaskan istilah keamanan siber untuk pembaca umum tanpa dampak keamanan yang spesifik.,cybersecurity,Neutral
Tips Membuat Kata Sandi yang Lebih Aman,Artikel panduan berisi rekomendasi membuat kata sandi dan tidak membahas akun yang telah dibobol.,cybersecurity,Neutral
Apa Itu Zero Trust dalam Keamanan Siber,Artikel ini menjelaskan konsep zero trust secara umum dan tidak melaporkan insiden keamanan tertentu.,cybersecurity,Neutral
Kamus Istilah Keamanan Data untuk Pemula,Artikel referensi yang menerangkan istilah keamanan data secara edukatif tanpa kejadian kerugian.,cybersecurity,Neutral
Cara Mengenali Pesan Phishing,Artikel edukasi ini membahas ciri-ciri pesan phishing sebagai pencegahan dan tidak melaporkan korban tertentu.,cybersecurity,Neutral
Mengenal Fungsi Firewall pada Jaringan,Artikel menjelaskan fungsi firewall dalam jaringan secara umum tanpa melaporkan serangan yang sedang berlangsung.,cybersecurity,Neutral
Panduan Aman Menggunakan Komputer di Tempat Umum,Artikel berisi saran keamanan dasar untuk pengguna komputer tanpa laporan pelanggaran atau kebocoran.,cybersecurity,Neutral